mapping_id,source_standard_id,source_edition_status,source_clause,source_semantic_item,target_resource,target_property_or_class,mapping_relation,cardinality_status,loss_disposition,evidence_level,conformance_claim,verification_gate,notes
KR-XW-001,KS-X-ISO-19115-1,current,PENDING-LAWFUL-FULLTEXT,resource identity,dcat:Dataset,dct:identifier,candidate-related,pending-source-clause,unassessed,E1,informative-pending,BS-ISO19115-KS-CLAUSE,"Exact identifier roles and authority scope require lawful clause review."
KR-XW-002,KS-X-ISO-19115-1,current,PENDING-LAWFUL-FULLTEXT,resource title and abstract,dcat:Dataset,dct:title|dct:description,candidate-related,pending-source-clause,unassessed,E1,informative-pending,BS-ISO19115-KS-CLAUSE,"Language and multiplicity are not claimed until source clauses are reviewed."
KR-XW-003,KS-X-ISO-19115-1,current,PENDING-LAWFUL-FULLTEXT,responsible party and role,dcat:Dataset,dct:publisher|dcat:contactPoint,candidate-related,pending-source-clause,potential-role-loss,E1,informative-pending,BS-ISO19115-KS-CLAUSE,"Publisher and contact point do not preserve every source responsibility role."
KR-XW-004,KS-X-ISO-19115-1,current,PENDING-LAWFUL-FULLTEXT,temporal extent,dcat:Dataset,dct:temporal,candidate-related,pending-source-clause,unassessed,E1,informative-pending,BS-ISO19115-KS-CLAUSE,"Open interval and indeterminate-position rules remain pending."
KR-XW-005,KS-X-ISO-19115-1,current,PENDING-LAWFUL-FULLTEXT,geographic extent,molit:SpatialDataset,dct:spatial|dcat:bbox|dcat:centroid,candidate-related,pending-source-clause,potential-geometry-loss,E1,informative-pending,BS-ISO19115-KS-CLAUSE,"Extent type and disclosure projection require clause and fixture review."
KR-XW-006,KS-X-ISO-19115-1,current,PENDING-LAWFUL-FULLTEXT,reference system,molit:SpatialDataset,geodcatap:referenceSystem,candidate-related,pending-source-clause,potential-axis-loss,E1,informative-pending,BS-CRS-AXIS,"Authority code alone does not preserve axis handling or coordinate transformation."
KR-XW-007,KS-X-ISO-19115-1,current,PENDING-LAWFUL-FULLTEXT,lineage and provenance,dcat:Dataset,dct:provenance,candidate-related,pending-source-clause,potential-structure-loss,E1,informative-pending,BS-ISO19115-KS-CLAUSE,"Structured process steps and sources may require a retained source record."
KR-XW-008,KS-X-ISO-19115-1,current,PENDING-LAWFUL-FULLTEXT,distribution information,dcat:Distribution,dcat:distribution|dct:format|dcat:accessURL,candidate-related,pending-source-clause,potential-role-loss,E1,informative-pending,BS-ISO19115-KS-CLAUSE,"Transfer and distributor roles are not assumed equivalent."
KR-XW-009,KS-X-ISO-19115-2,current,PENDING-LAWFUL-FULLTEXT,acquisition and processing extension,molit:ObservationDataset,dct:provenance|molit:observationSubjectType,candidate-related,pending-source-clause,potential-structure-loss,E1,informative-pending,BS-ISO19115-KS-CLAUSE,"Sensor acquisition details remain in retained source metadata until a reviewed extension mapping exists."
KR-XW-010,KS-X-ISO-19115-3,current,PENDING-LAWFUL-FULLTEXT,current XML encoding,ingest-lane,canonical-RDF-projection,candidate-transform,pending-source-clause,loss-ledger-required,E2,informative-pending,BS-ISO19115-XML-TECH,"Official bytes permission and institutional round-trip fixtures remain unavailable."
KR-XW-011,KS-X-ISO-19131,current,PENDING-LAWFUL-FULLTEXT,data product specification,dcat:Dataset,dct:conformsTo,candidate-related,pending-source-clause,potential-requirement-loss,E1,informative-pending,BS-ISO19115-KS-CLAUSE,"A product specification is not replaced by a profile marker or quality status."
KR-XW-012,KS-X-ISO-19157-1,current,PENDING-LAWFUL-FULLTEXT,quality element,molit:QualityMappingStatement,molit:sourceQualityElement|molit:mappedQualityMetric,candidate-related,pending-source-clause,loss-ledger-required,E1,informative-pending,BS-QUALITY-LOSS,"No exact quality-element equivalence is asserted."
KR-XW-013,KS-X-ISO-19157-1,current,PENDING-LAWFUL-FULLTEXT,evaluation method,dqv:QualityMeasurement,molit:qualityEvaluationMethod,candidate-related,pending-source-clause,potential-method-loss,E1,informative-pending,BS-QUALITY-LOSS,"The controlled method type requires a separate versioned method document for algorithm details."
KR-XW-014,KS-X-ISO-19157-1,current,PENDING-LAWFUL-FULLTEXT,evaluation scope,dqv:QualityMeasurement,molit:qualityEvaluationScope,candidate-related,pending-source-clause,potential-scope-loss,E1,informative-pending,BS-QUALITY-LOSS,"RC.1 carries a string projection and retains structured source scope outside the public graph."
KR-XW-015,KS-X-ISO-19157-1,current,PENDING-LAWFUL-FULLTEXT,quality result,dqv:QualityMeasurement,dqv:value|molit:qualityResultKind,candidate-related,pending-source-clause,potential-result-loss,E1,informative-pending,BS-QUALITY-LOSS,"Boolean categorical and descriptive source results are not coerced into numeric DQV values."
KR-XW-016,KS-X-ISO-19157-1,current,PENDING-LAWFUL-FULLTEXT,quality mapping loss,molit:QualityMappingStatement,molit:qualityLossDisposition|molit:qualityLossNote,candidate-local-control,local-cardinality-defined,explicit-loss,E1,informative-pending,BS-QUALITY-LOSS,"Every reviewed source-to-DQV mapping records loss disposition and reverse conditions."
KR-XW-017,KS-X-ISO-19111,current,PENDING-LAWFUL-FULLTEXT,coordinate reference system,molit:SpatialDataset,geodcatap:referenceSystem,candidate-related,pending-source-clause,potential-axis-loss,E2,informative-pending,BS-CRS-COVERAGE,"OGC resolver snapshots do not replace lawful KS clause review or transformation-accuracy tests."
KR-XW-018,TTAK.OT-10.1406,current,PENDING-LAWFUL-FULLTEXT,DCAT-AP-KR dataset record,dcat:Dataset,DCAT-AP-3.0.1-dataset,candidate-migration,pending-version-diff,unassessed,E1,informative-pending,BS-DCAT-KR-VERSION,"The source profile is based on DCAT-AP 2.1; no 2.1-to-3.0.1 equivalence is asserted."
KR-XW-019,TTAK.OT-10.1406,current,PENDING-LAWFUL-FULLTEXT,DCAT-AP-KR distribution record,dcat:Distribution,DCAT-AP-3.0.1-distribution,candidate-migration,pending-version-diff,unassessed,E1,informative-pending,BS-DCAT-KR-VERSION,"Property range cardinality and controlled-vocabulary differences require dual validation."
KR-XW-020,TTAK.KO-10.1422,current,PENDING-LAWFUL-FULLTEXT,Korean geospatial portal metadata,molit:SpatialDataset,GeoDCAT-AP-3.1.0-profile,candidate-migration,pending-version-diff,unassessed,E1,informative-pending,BS-TTA-CROSSWALK,"The Korean source base version and GeoDCAT-AP 3.1.0 differences remain pending."
KR-XW-021,TTAK.KO-10.1510-Part3,current,PENDING-LAWFUL-FULLTEXT,digital national-land metadata,MOLIT-AP,core|geo-conformance-module,candidate-related,pending-source-clause,unassessed,E1,informative-pending,BS-TTA-CROSSWALK,"Public title and scope are insufficient for field or cardinality claims."
KR-XW-022,TTAK.KO-10.1557,current,PENDING-LAWFUL-FULLTEXT,common catalogue exchange item,dcat:Catalog|dcat:Dataset|dcat:Distribution,core-conformance-module,candidate-related,pending-source-clause,loss-ledger-required,E1,informative-pending,BS-TTA-CROSSWALK,"Source paths reverse rules and fixtures remain pending."
KR-XW-023,TTAK.KO-10.1352-Part2,current,PENDING-LAWFUL-FULLTEXT,cross-domain transport term,MOLIT-ontology,local-term-or-SKOS-mapping,candidate-related,pending-source-clause,unassessed,E1,informative-pending,BS-TTA-CROSSWALK,"No owl:equivalentClass owl:equivalentProperty or skos:exactMatch is generated before term-context review."
KR-XW-024,MOLIT-NODE-LINK-CONSTRUCTION-2026-344,current,PENDING-LAWFUL-FULLTEXT,network authority and identifier,molit:NetworkReference,molit:networkAuthority|molit:networkIdentifier,candidate-related,pending-source-clause,unassessed,E1,informative-pending,BS-REAL-DATA-COVERAGE,"Actual node-link identifier syntax and issuing-authority evidence require an institutional fixture."
KR-XW-025,MOLIT-NODE-LINK-CONSTRUCTION-2026-344,current,PENDING-LAWFUL-FULLTEXT,network edition,molit:NetworkReference,molit:networkVersion|molit:networkValidFrom|molit:networkValidUntil,candidate-related,pending-source-clause,potential-date-loss,E1,informative-pending,BS-REAL-DATA-COVERAGE,"Edition and validity dates remain distinct from file publication time."
KR-XW-026,MOLIT-NODE-LINK-MANAGEMENT-2023-23,current,PENDING-LAWFUL-FULLTEXT,distribution integrity and lifecycle,molit:NetworkReference,molit:networkSnapshotChecksum|molit:networkLifecycleStatus,candidate-related,pending-source-clause,unassessed,E1,informative-pending,BS-REAL-DATA-COVERAGE,"SHA-256 is fixed for the RC.1 projection; source checksum algorithms require reviewed mapping."
KR-XW-027,MOLIT-BASIC-TRAFFIC-I-2021-1059,current,PENDING-LAWFUL-FULLTEXT,centre-to-centre observation payload,molit:ObservationDataset,molit:observedProperty|molit:observationSubjectType,candidate-related,pending-source-clause,unassessed,E1,informative-pending,BS-TRANSPORT-UNIT-SEMANTICS,"The metadata profile does not replace the centre-to-centre payload interface."
KR-XW-028,MOLIT-BASIC-TRAFFIC-II-2021-1060,current,PENDING-LAWFUL-FULLTEXT,field-equipment observation payload,molit:ObservationDataset,molit:observedProperty|molit:missingValuePolicy,candidate-related,pending-source-clause,potential-code-loss,E1,informative-pending,BS-TRANSPORT-UNIT-SEMANTICS,"Equipment fault and missing codes require an exact payload crosswalk."
KR-XW-029,MOLIT-BASIC-TRAFFIC-III-2023-20,current,PENDING-LAWFUL-FULLTEXT,public API observation payload,molit:ObservationDataset,molit:observationAggregation|molit:aggregationPeriod,candidate-related,pending-source-clause,potential-window-loss,E1,informative-pending,BS-TRANSPORT-UNIT-SEMANTICS,"API aggregation windows and source timestamps require a fixture."
KR-XW-030,MOLIT-BASIC-TRAFFIC-IV-2016-208,current,PENDING-LAWFUL-FULLTEXT,roadside-to-vehicle observation payload,molit:ObservationDataset,molit:observedProperty|molit:observationUnit,candidate-related,pending-source-clause,potential-unit-loss,E1,informative-pending,BS-TRANSPORT-UNIT-SEMANTICS,"Wireless payload semantics are not inferred from other basic-traffic interfaces."
KR-XW-031,MOIS-NOTICE-2025-19,current,PENDING-LAWFUL-FULLTEXT,administrative identifier governance,candidate-registry,candidate-scheme:organization|candidate-scheme:administrative-area,candidate-related,pending-source-clause,authority-pending,E1,informative-pending,BS-DOMESTIC-VOCABULARY,"Candidate IRIs are not authoritative organization or administrative-area identifiers."
KR-XW-032,SRC-KR-005,verified-live-guidance,live-page-no-fixed-clause,KOGL licence type,candidate-registry,candidate-scheme:kogl-license,candidate-related,not-a-standard-clause,authority-pending,E1,informative-pending,BS-DOMESTIC-VOCABULARY,"Candidate concepts are not dct:LicenseDocument values and have no exactMatch to official deeds."
KR-XW-033,KS-X-ISO-19110,current,PENDING-LAWFUL-FULLTEXT,feature catalogue and feature type,dcat:Dataset,dct:conformsTo|dct:type,candidate-related,pending-source-clause,potential-schema-loss,E1,informative-pending,BS-ISO19115-KS-CLAUSE,"A feature catalogue is retained as a versioned content schema and is not reduced to a theme."
KR-XW-034,KS-X-ISO-19135-1,current,PENDING-LAWFUL-FULLTEXT,register item lifecycle,SKOS-candidate-schemes,adms:status|owl:versionInfo|rdfs:isDefinedBy,candidate-related,pending-source-clause,governance-pending,E1,informative-pending,BS-DOMESTIC-VOCABULARY,"RC.1 candidate-term governance is not a KS register-procedure conformity claim."
KR-XW-035,KS-X-ISO-19119,current,PENDING-LAWFUL-FULLTEXT,geographic information service,dcat:DataService,dcat:endpointURL|dct:conformsTo,candidate-related,pending-source-clause,potential-operation-loss,E1,informative-pending,BS-ISO19115-KS-CLAUSE,"Service-operation and coupling semantics require a retained service description."
KR-XW-036,KS-X-ISO-19136-1,current,PENDING-LAWFUL-FULLTEXT,GML geometry encoding,molit:SpatialDataset,geo:gmlLiteral,candidate-related,pending-source-clause,potential-schema-loss,E1,informative-pending,BS-CRS-COVERAGE,"RC.1 lexical checks do not establish full GML application-schema conformance."
KR-XW-037,KS-X-ISO-19136-2,current,PENDING-LAWFUL-FULLTEXT,GML extension schema,dcat:Distribution,dct:conformsTo,candidate-related,pending-source-clause,potential-extension-loss,E1,informative-pending,BS-CRS-COVERAGE,"Extension schema identity is content conformance and not a metadata-profile marker."
KR-XW-038,KS-X-ISO-19139,retired,PENDING-LAWFUL-FULLTEXT,legacy metadata XML,legacy-ingest-lane,retained-source-record,legacy-only,pending-source-clause,loss-ledger-required,E1,informative-pending,BS-ISO19115-XML-TECH,"Successful parsing must not promote a retired encoding to current KS conformance."
KR-XW-039,KS-X-ISO-TS-19139-1,current,PENDING-LAWFUL-FULLTEXT,XML encoding rules,ingest-lane,canonical-RDF-projection,candidate-transform,pending-source-clause,loss-ledger-required,E1,informative-pending,BS-ISO19115-XML-TECH,"Encoding-rule and source-edition routing require lawful text and fixtures."
KR-XW-040,KS-X-ISO-TS-19157-2,current,PENDING-LAWFUL-FULLTEXT,quality XML encoding,quality-ingest-lane,molit:QualityMappingStatement,candidate-transform,pending-source-clause,loss-ledger-required,E1,informative-pending,BS-QUALITY-LOSS,"XML result structures remain retained source evidence until round-trip verification."
KR-XW-041,TTAK.KO-10.1510-Part1,current,PENDING-LAWFUL-FULLTEXT,digital national-land data model,dcat:Dataset,dct:conformsTo,candidate-related,pending-source-clause,potential-model-loss,E1,informative-pending,BS-TTA-CROSSWALK,"The content model is not replaced by catalogue metadata."
KR-XW-042,TTAK.KO-10.1510-Part2,current,PENDING-LAWFUL-FULLTEXT,digital national-land GML encoding,dcat:Distribution,dct:conformsTo|dct:format,candidate-related,pending-source-clause,potential-schema-loss,E1,informative-pending,BS-TTA-CROSSWALK,"GML encoding conformance needs the source schema and valid-invalid fixtures."
KR-XW-043,TTAE.IT-Y.3603,current,PENDING-LAWFUL-FULLTEXT,data-catalogue conceptual model,MOLIT-AP,core-resource-model,candidate-related,pending-source-clause,unassessed,E1,informative-pending,BS-TTA-CROSSWALK,"No conceptual-model equivalence is asserted from title and abstract evidence."
KR-XW-044,NGII-DIRECTIVE-2025-06-02,current,PENDING-LAWFUL-FULLTEXT,geospatial standardization governance,MOLIT-AP,governance-and-geo-module,candidate-related,pending-source-clause,governance-pending,E1,informative-pending,BS-STANDARD-STATUS-EVIDENCE,"Directive applicability and approval workflow require authorized institutional review."
KR-XW-045,TTAS.KO-10.0157,retired,PENDING-LAWFUL-FULLTEXT,retired geographic quality standard,legacy-quality-record,molit:QualityMappingStatement,legacy-only,pending-source-clause,loss-ledger-required,E1,informative-pending,BS-QUALITY-LOSS,"A retired source is preserved for historical records and not used as the current normative baseline."
KR-XW-046,TTAS.KO-10.0139-R1,confirmation-required,PENDING-LAWFUL-FULLTEXT,legacy geographic metadata catalogue,legacy-ingest-lane,canonical-RDF-projection,status-unconfirmed,pending-source-clause,loss-ledger-required,E1,informative-pending,BS-STANDARD-STATUS-EVIDENCE,"Lifecycle confirmation is required before any compatibility claim."
KR-XW-047,KS-X-ISO-19157,current,PENDING-LAWFUL-FULLTEXT,earlier geographic data quality edition,legacy-quality-record,molit:QualityMappingStatement,candidate-migration,pending-edition-diff,loss-ledger-required,E1,informative-pending,BS-QUALITY-LOSS,"Edition differences with KS X ISO 19157-1 require lawful text and separate fixtures."
KR-XW-048,KS-X-ISO-19136,retired,PENDING-LAWFUL-FULLTEXT,retired GML edition,legacy-ingest-lane,geo:gmlLiteral,legacy-only,pending-source-clause,potential-schema-loss,E1,informative-pending,BS-ISO19115-XML-TECH,"A retired GML edition may be parsed only through an explicitly selected legacy lane."
